STN,AREA,NAME,LON,LAT,ROMS_X,ROMS_Y,WRF_X,WRF_Y,WW3_X,WW3_Y,CWW3_X,CWW3_Y,CWWR_LOC,RWW3_X,RWW3_Y,CITY_X,CITY_Y,WARN_AREA1,AGENCY1,MWHT_STN1,AGENCY2,MWHT_STN2,AGENCY3,SST_STN1,AGENCY4,SST_STN2,CITY_MID,WARN_AREA2,WARN_AREA3,WARN_AREA4
SK19,황해중부,인천-단동,126.5867,37.4533,257,511,95,60,104,210,316,184,1,128,150,1,1,인천·경기남부앞바다,해양기상,인천,해양부이,옹진소청초,-,-,-,-,11B00000,서해중부안쪽먼바다,서해중부바깥먼바다,
SK19,황해중부,인천-단동,125.9106,37.4603,266,511,101,61,107,210,349,185,1,131,150,1,1,인천·경기남부앞바다,해양기상,인천,해양부이,옹진소청초,-,-,-,-,11B00000,서해중부안쪽먼바다,서해중부바깥먼바다,
SK19,황해중부,인천-단동,125.1221,37.4947,241,512,80,61,97,210,255,181,1,121,150,1,1,인천·경기남부앞바다,해양기상,인천,해양부이,옹진소청초,-,-,-,-,11B00000,서해중부안쪽먼바다,서해중부바깥먼바다,
SK19,황해중부,인천-단동,124.1544,37.7526,211,521,61,53,86,213,139,150,1,110,147,1,1,인천·경기남부앞바다,해양기상,인천,해양부이,옹진소청초,-,-,-,-,11B00000,서해중부안쪽먼바다,서해중부바깥먼바다,
SK19,황해중부,인천-단동,123.6645,38.0772,191,539,50,41,78,219,64,90,1,102,141,1,1,인천·경기남부앞바다,해양기상,인천,해양부이,옹진소청초,-,-,-,-,11B00000,서해중부안쪽먼바다,서해중부바깥먼바다,
SK19,황해중부,인천-단동,123.4789,38.5283,190,550,40,32,78,222,57,57,1,102,138,1,1,인천·경기남부앞바다,해양기상,인천,해양부이,옹진소청초,-,-,-,-,11B00000,서해중부안쪽먼바다,서해중부바깥먼바다,
SK19,황해중부,인천-단동,123.7591,39.2813,194,565,51,21,79,227,73,6,1,103,133,1,1,인천·경기남부앞바다,해양기상,인천,해양부이,옹진소청초,-,-,-,-,11B00000,서해중부안쪽먼바다,서해중부바깥먼바다,
SK20,황해중부,인천-석도,126.5867,37.4533,257,511,95,60,104,210,316,184,1,128,150,1,1,인천·경기남부앞바다,해양기상,인천,해양부이,옹진소청초,-,-,-,-,11B00000,서해중부안쪽먼바다,서해중부바깥먼바다,
SK20,황해중부,인천-석도,125.9106,37.125,266,499,101,72,107,206,349,225,1,131,154,1,1,인천·경기남부앞바다,해양기상,인천,파고부이,이작도,-,-,-,-,11B00000,서해중부안쪽먼바다,서해중부바깥먼바다,
SK20,황해중부,인천-석도,125.2565,36.8757,245,490,88,78,99,203,271,255,1,123,157,1,1,인천·경기남부앞바다,해양기상,인천,파고부이,이작도,-,-,-,-,11B00000,서해중부안쪽먼바다,서해중부바깥먼바다,
SK20,황해중부,인천-석도,124.5486,36.7554,223,486,72,83,91,201,186,269,1,115,159,1,1,인천·경기남부앞바다,해양기상,인천,파고부이,이작도,-,-,-,-,11B00000,서해중부안쪽먼바다,서해중부바깥먼바다,
SK20,황해중부,인천-석도,123.6168,36.7038,194,484,48,84,79,200,74,276,1,103,160,1,1,인천·경기남부앞바다,해양기상,인천,파고부이,이작도,-,-,-,-,11B00000,서해중부안쪽먼바다,서해중부바깥먼바다,
SK20,황해중부,인천-석도,123.0157,36.717,175,484,40,84,72,201,2,274,1,96,159,1,1,인천·경기남부앞바다,해양기상,인천,파고부이,이작도,-,-,-,-,11B00000,서해중부안쪽먼바다,서해중부바깥먼바다,
SK1,황해중부,인천-백령,126.5867,37.4533,257,511,95,60,104,210,316,184,1,128,150,1,1,인천·경기남부앞바다,해양기상,인천,해양부이,옹진소청초,-,-,-,-,11B00000,인천·경기북부앞바다,,
SK1,황해중부,인천-백령,126.4151,37.3191,282,506,111,66,113,208,410,202,1,137,152,1,1,인천·경기남부앞바다,해양기상,인천,해양부이,옹진소청초,-,-,-,-,11B00000,인천·경기북부앞바다,,
SK1,황해중부,인천-백령,125.9914,37.2901,268,505,102,68,108,207,359,205,1,132,153,1,1,인천·경기남부앞바다,해양기상,인천,해양부이,옹진소청초,-,-,-,-,11B00000,인천·경기북부앞바다,,
SK1,황해중부,인천-백령,125.4819,37.3191,252,506,92,66,102,208,298,202,1,126,152,1,1,인천·경기남부앞바다,해양기상,인천,해양부이,옹진소청초,-,-,-,-,11B00000,인천·경기북부앞바다,,
SK1,황해중부,인천-백령,124.9775,37.4207,237,509,79,62,96,209,237,190,1,120,151,1,1,인천·경기남부앞바다,해양기상,인천,해양부이,옹진소청초,-,-,-,-,11B00000,인천·경기북부앞바다,,
SK1,황해중부,인천-백령,124.7505,37.8902,229,526,77,51,93,215,210,133,1,117,145,1,1,인천·경기남부앞바다,해양기상,인천,해양부이,옹진소청초,-,-,-,-,11B00000,인천·경기북부앞바다,,
SK2,황해중부,인천-연평,126.5867,37.4533,257,511,95,60,104,210,316,184,1,128,150,1,1,인천·경기남부앞바다,해양기상,인천,해양부이,옹진소청초,-,-,-,-,11B00000,인천·경기북부앞바다,,
SK2,황해중부,인천-연평,126.3899,37.3191,281,506,111,66,113,208,407,202,1,137,152,1,1,인천·경기남부앞바다,해양기상,인천,해양기상,풍도,-,-,-,-,11B00000,인천·경기북부앞바다,,
SK2,황해중부,인천-연평,125.9864,37.3578,268,507,101,65,108,208,358,197,1,132,152,1,1,인천·경기남부앞바다,해양기상,인천,해양기상,풍도,-,-,-,-,11B00000,인천·경기북부앞바다,,
SK2,황해중부,인천-연평,125.7342,37.5659,260,515,99,60,105,211,328,172,1,129,149,1,1,인천·경기남부앞바다,해양기상,인천,해양기상,풍도,-,-,-,-,11B00000,인천·경기북부앞바다,,
SK24,황해중부,인천-덕적,125.6316,37.4641,257,511,95,60,104,210,316,184,1,128,150,1,1,인천·경기남부앞바다,파고부이,자월도,해양기상,덕적도,-,-,-,-,11B00000,,,
SK24,황해중부,인천-덕적,126.4234653,37.32758186,282,506,112,67,113,208,411,201,1,137,152,1,1,인천·경기남부앞바다,파고부이,자월도,해양기상,덕적도,-,-,-,-,11B00000,,,
SK24,황해중부,인천-덕적,126.1863175,37.25833964,274,504,107,67,110,207,382,209,1,134,153,1,1,인천·경기남부앞바다,파고부이,자월도,해양기상,덕적도,-,-,-,-,11B00000,,,
SK21,황해중부,대천-외연,126.4676,36.3299,283,470,114,94,114,196,296,20,2,138,164,1,1,충남남부앞바다,파고부이,삽시도,해양부이,대천해수욕장,-,-,-,-,11C20000,서해중부안쪽먼바다,,
SK21,황해중부,대천-외연,126.3042,36.298,278,469,110,95,112,196,276,24,2,136,164,1,1,충남남부앞바다,파고부이,삽시도,해양부이,대천해수욕장,-,-,-,-,11C20000,서해중부안쪽먼바다,,
SK21,황해중부,대천-외연,126.1074,36.2206,272,467,105,98,109,195,253,34,2,133,165,1,1,충남남부앞바다,파고부이,삽시도,해양부이,대천해수욕장,-,-,-,-,11C20000,서해중부안쪽먼바다,,
SK3,황해남부,군산-어청,126.6072,35.9841,288,458,116,103,115,192,313,62,2,139,168,1,1,전북북부앞바다,파고부이,군산,파고부이,서천,-,-,-,-,11F10000,충남남부앞바다,서해중부안쪽먼바다,
SK3,황해남부,군산-어청,126.5261,36.0851,285,462,115,100,114,193,303,50,2,138,167,1,1,전북북부앞바다,파고부이,군산,파고부이,서천,-,-,-,-,11F10000,충남남부앞바다,서해중부안쪽먼바다,
SK3,황해남부,군산-어청,126.3193,36.0802,279,462,110,101,112,193,278,50,2,136,167,1,1,전북북부앞바다,파고부이,군산,파고부이,서천,-,-,-,-,11F10000,충남남부앞바다,서해중부안쪽먼바다,
SK3,황해남부,군산-어청,126.0973,36.1093,272,463,106,101,109,193,252,47,2,133,167,1,1,전북북부앞바다,파고부이,군산,파고부이,서천,-,-,-,-,11F10000,충남남부앞바다,서해중부안쪽먼바다,
SK14,황해남부,격포-위도,126.4137,35.6244,281,446,113,114,113,187,294,105,2,137,173,1,1,전북남부앞바다,파고부이,위도,파고부이,비안도,-,-,-,-,11F10000,,,
SK14,황해남부,격포-위도,126.3435,35.6261,279,446,112,114,112,188,281,105,2,136,172,1,1,전북남부앞바다,파고부이,위도,파고부이,비안도,-,-,-,-,11F10000,,,
SK18,황해남부,목포-홍도,126.3851,34.7789,281,416,113,138,113,177,281,206,2,137,183,1,1,전남중부서해앞바다,해양기상,홍도,해양기상,칠발도,-,-,-,-,11F20000,서해남부북쪽안쪽먼바다,,
SK18,황해남부,목포-홍도,126.1932,34.7639,275,415,106,136,110,177,263,208,2,134,183,1,1,전남중부서해앞바다,해양기상,홍도,해양기상,칠발도,-,-,-,-,11F20000,서해남부북쪽안쪽먼바다,,
SK18,황해남부,목포-홍도,125.8603,34.701,264,413,98,137,106,176,223,216,2,130,184,1,1,전남중부서해앞바다,해양기상,홍도,해양기상,칠발도,-,-,-,-,11F20000,서해남부북쪽안쪽먼바다,,
SK18,황해남부,목포-홍도,125.5828,34.7107,255,414,93,140,103,177,190,215,2,127,183,1,1,전남중부서해앞바다,해양기상,홍도,해양기상,칠발도,-,-,-,-,11F20000,서해남부북쪽안쪽먼바다,,
SK18,황해남부,목포-홍도,125.3155,34.7059,247,413,88,140,100,176,158,215,2,124,184,1,1,전남중부서해앞바다,해양기상,홍도,해양기상,칠발도,-,-,-,-,11F20000,서해남부북쪽안쪽먼바다,,
SK4,황해남부,목포-제주,126.3851,34.7789,281,416,113,138,113,177,281,206,2,137,183,1,1,전남중부서해앞바다,해양기상,추자도,파고부이,추자도,-,-,-,-,11F20000,전남남부서해앞바다,남해서부서쪽먼바다,제주도북부앞바다
SK4,황해남부,목포-제주,126.2134,34.58,275,409,108,143,111,175,266,230,2,135,185,1,1,전남중부서해앞바다,해양기상,추자도,파고부이,추자도,-,-,-,-,11F20000,전남남부서해앞바다,남해서부서쪽먼바다,제주도북부앞바다
SK4,황해남부,목포-제주,126.0822,34.3768,271,402,103,148,109,173,250,255,2,133,187,1,1,전남중부서해앞바다,해양기상,추자도,파고부이,추자도,-,-,-,-,11F20000,전남남부서해앞바다,남해서부서쪽먼바다,제주도북부앞바다
SK4,황해남부,목포-제주,126.2134,34.0816,275,392,108,156,111,169,266,290,2,135,191,1,1,전남중부서해앞바다,해양기상,추자도,파고부이,추자도,-,-,-,-,11F20000,전남남부서해앞바다,남해서부서쪽먼바다,제주도북부앞바다
SK4,황해남부,목포-제주,126.3445,33.7719,279,381,112,166,112,165,401,207,3,136,195,1,1,전남중부서해앞바다,해양기상,추자도,파고부이,추자도,-,-,-,-,11F20000,전남남부서해앞바다,남해서부서쪽먼바다,제주도북부앞바다
SK4,황해남부,목포-제주,126.5362,33.5396,285,373,116,169,113,162,424,235,3,138,197,1,1,전남중부서해앞바다,해양기상,추자도,파고부이,추자도,-,-,-,-,11F20000,전남남부서해앞바다,남해서부서쪽먼바다,제주도북부앞바다
SK5,남해서부,완도-제주,126.7743,34.3205,293,400,121,149,117,172,333,262,2,141,188,1,1,전남서부남해앞바다,해양기상,추자도,파고부이,추자도,-,-,-,-,11F20000,남해서부서쪽먼바다,제주도북부앞바다,
SK5,남해서부,완도-제주,126.6926,34.1009,290,392,118,157,116,169,323,288,2,140,191,1,1,전남서부남해앞바다,해양기상,추자도,파고부이,추자도,-,-,-,-,11F20000,남해서부서쪽먼바다,제주도북부앞바다,
SK5,남해서부,완도-제주,126.6068,33.7961,288,382,116,165,115,166,433,204,3,139,194,1,1,전남서부남해앞바다,해양기상,추자도,파고부이,추자도,-,-,-,-,11F20000,남해서부서쪽먼바다,제주도북부앞바다,
SK5,남해서부,완도-제주,126.5362,33.5396,285,373,116,169,113,162,424,235,3,138,197,1,1,전남서부남해앞바다,해양기상,추자도,파고부이,추자도,-,-,-,-,11F20000,,,
SK16,남해서부,완도-청산,126.7743,34.3205,293,400,121,149,117,172,333,262,2,141,188,1,1,전남서부남해앞바다,파고부이,청산도,파고부이,노화도,-,-,-,-,11F20000,,,
SK16,남해서부,완도-청산,126.6068,33.7961,288,382,116,165,115,166,433,204,3,139,194,1,1,전남서부남해앞바다,파고부이,청산도,파고부이,노화도,-,-,-,-,11F20000,,,
SK6,남해서부,녹동-제주,127.1411,34.513,304,407,129,144,122,174,377,238,2,146,186,1,1,전남동부남해앞바다,파고부이,청산도,파고부이,노화도,-,-,-,-,11F20000,전남서부남해앞바다,남해서부서쪽먼바다,제주도북부앞바다
SK6,남해서부,녹동-제주,127.1163,34.2074,303,396,128,150,121,170,374,275,2,145,190,1,1,전남동부남해앞바다,파고부이,청산도,파고부이,노화도,-,-,-,-,11F20000,전남서부남해앞바다,남해서부서쪽먼바다,제주도북부앞바다
SK6,남해서부,녹동-제주,126.8439,33.9267,295,386,122,161,118,167,461,189,3,142,193,1,1,전남동부남해앞바다,파고부이,청산도,파고부이,노화도,-,-,-,-,11F20000,전남서부남해앞바다,남해서부서쪽먼바다,제주도북부앞바다
SK6,남해서부,녹동-제주,126.5362,33.5396,285,373,116,169,113,162,424,235,3,138,197,1,1,전남동부남해앞바다,파고부이,청산도,파고부이,노화도,-,-,-,-,11F20000,전남서부남해앞바다,남해서부서쪽먼바다,제주도북부앞바다
SK22,남해서부,여수-제주,127.8265,34.6544,326,412,144,139,130,176,99,281,4,154,184,1,1,전남동부남해앞바다,파고부이,나로도,해양기상,거문도,-,-,-,-,11F20000,남해서부동쪽먼바다,남해서부서쪽먼바다,제주도북부앞바다
SK22,남해서부,여수-제주,127.873,34.4252,327,404,146,147,130,173,105,309,4,154,187,1,1,전남동부남해앞바다,파고부이,나로도,해양기상,거문도,-,-,-,-,11F20000,남해서부동쪽먼바다,남해서부서쪽먼바다,제주도북부앞바다
SK22,남해서부,여수-제주,127.5602,34.2122,317,396,138,153,127,171,427,275,2,151,189,1,1,전남동부남해앞바다,파고부이,나로도,해양기상,거문도,-,-,-,-,11F20000,남해서부동쪽먼바다,남해서부서쪽먼바다,제주도북부앞바다
SK22,남해서부,여수-제주,127.2273,34.0816,307,392,131,156,123,169,387,290,2,147,191,1,1,전남동부남해앞바다,파고부이,나로도,해양기상,거문도,-,-,-,-,11F20000,남해서부동쪽먼바다,남해서부서쪽먼바다,제주도북부앞바다
SK22,남해서부,여수-제주,126.8994,33.8783,297,385,124,160,119,167,468,195,3,143,193,1,1,전남동부남해앞바다,파고부이,나로도,해양기상,거문도,-,-,-,-,11F20000,남해서부동쪽먼바다,남해서부서쪽먼바다,제주도북부앞바다
SK22,남해서부,여수-제주,126.5362,33.5396,285,373,116,169,113,162,424,235,3,138,197,1,1,전남동부남해앞바다,파고부이,나로도,해양기상,거문도,-,-,-,-,11F20000,남해서부동쪽먼바다,남해서부서쪽먼바다,제주도북부앞바다
SK10,남해동부,부산-제주,129.0695,35.0981,365,424,175,130,145,180,252,238,4,169,180,1,1,부산앞바다,해양부이,남해동부,해양부이,대한해협,-,-,-,-,11H20000,남해동부안쪽먼바다,남해서부동쪽먼바다,제주도북부앞바다
SK10,남해동부,부산-제주,128.8032,34.6913,356,413,167,139,142,176,216,277,4,166,184,1,1,부산앞바다,해양부이,남해동부,해양부이,대한해협,-,-,-,-,11H20000,남해동부안쪽먼바다,남해서부동쪽먼바다,제주도북부앞바다
SK10,남해동부,부산-제주,128.4616,34.3034,346,399,160,151,138,172,175,324,4,162,188,1,1,부산앞바다,해양부이,남해동부,해양부이,대한해협,-,-,-,-,11H20000,남해동부안쪽먼바다,남해서부동쪽먼바다,제주도북부앞바다
SK10,남해동부,부산-제주,127.9387,33.989,329,389,147,160,131,168,113,361,4,155,192,1,1,부산앞바다,해양부이,남해동부,해양부이,대한해협,-,-,-,-,11H20000,남해동부안쪽먼바다,남해서부동쪽먼바다,제주도북부앞바다
SK10,남해동부,부산-제주,127.353,33.7415,311,380,134,166,124,165,522,211,3,148,195,1,1,부산앞바다,해양부이,남해동부,해양부이,대한해협,-,-,-,-,11H20000,남해동부안쪽먼바다,남해서부동쪽먼바다,제주도북부앞바다
SK10,남해동부,부산-제주,126.5362,33.5396,285,373,116,169,113,162,424,235,3,138,197,1,1,부산앞바다,해양부이,남해동부,해양부이,대한해협,-,-,-,-,11H20000,남해동부안쪽먼바다,남해서부동쪽먼바다,제주도북부앞바다
SK17,남해동부,통영-소매물,128.4459,34.8277,345,418,159,136,137,178,174,261,4,162,181,1,1,경남서부남해앞바다,파고부이,소매물도,파고부이,해금강,-,-,-,-,11H20000,,,
SK17,남해동부,통영-소매물,128.4632,34.6962,346,413,160,140,138,176,176,276,4,162,184,1,1,경남서부남해앞바다,파고부이,소매물도,파고부이,해금강,-,-,-,-,11H20000,,,
SK17,남해동부,통영-소매물,128.5287,34.6381,348,411,161,140,138,176,183,283,4,162,184,1,1,경남서부남해앞바다,파고부이,소매물도,파고부이,해금강,-,-,-,-,11H20000,,,
SK11,남해동부,부산-대마,129.0695,35.0981,365,424,175,130,145,180,252,238,4,169,180,1,1,부산앞바다,해양부이,대한해협,-,-,-,-,-,-,11H20000,남해동부안쪽먼바다,,
SK11,남해동부,부산-대마,129.2299,34.9865,370,423,178,131,147,180,268,242,4,171,180,1,1,부산앞바다,해양부이,대한해협,-,-,-,-,-,-,11H20000,남해동부안쪽먼바다,,
SK11,남해동부,부산-대마,129.4014,34.8414,375,418,181,136,149,178,288,259,4,173,182,1,1,부산앞바다,해양부이,대한해협,-,-,-,-,-,-,11H20000,남해동부안쪽먼바다,,
SK11,남해동부,부산-대마,129.5275,34.6284,379,411,184,141,150,176,303,285,4,174,184,1,1,부산앞바다,해양부이,대한해협,-,-,-,-,-,-,11H20000,남해동부안쪽먼바다,,
SK12,남해동부,부산-후쿠오카,129.0695,35.0981,365,424,175,130,145,180,252,238,4,169,180,1,1,부산앞바다,해양부이,대한해협,-,-,-,-,-,-,11H20000,남해동부안쪽먼바다,남해동부바깥먼바다,
SK12,남해동부,부산-후쿠오카,129.3913,34.9285,375,421,178,133,149,179,287,249,4,173,181,1,1,부산앞바다,해양부이,대한해협,-,-,-,-,-,-,11H20000,남해동부안쪽먼바다,남해동부바깥먼바다,
SK12,남해동부,부산-후쿠오카,129.7091,34.7349,385,414,186,139,153,177,325,272,4,177,183,1,1,부산앞바다,해양부이,대한해협,-,-,-,-,-,-,11H20000,남해동부안쪽먼바다,남해동부바깥먼바다,
SK12,남해동부,부산-후쿠오카,130.032,34.4978,395,406,194,145,156,174,364,300,4,180,186,1,1,부산앞바다,해양부이,대한해협,-,-,-,-,-,-,11H20000,남해동부안쪽먼바다,남해동부바깥먼바다,
SK12,남해동부,부산-후쿠오카,130.2741,34.2268,402,397,198,151,159,171,393,333,4,183,189,1,1,부산앞바다,해양부이,대한해협,-,-,-,-,-,-,11H20000,남해동부안쪽먼바다,남해동부바깥먼바다,
SK12,남해동부,부산-후쿠오카,130.4052,33.7961,406,382,202,165,161,166,409,384,4,185,194,1,1,부산앞바다,해양부이,대한해협,-,-,-,-,-,-,11H20000,남해동부안쪽먼바다,남해동부바깥먼바다,
SK13,남해동부,부산-오사카,129.0695,35.0981,365,424,175,130,145,180,252,238,4,169,180,1,1,부산앞바다,해양부이,대한해협,-,-,-,-,-,-,11H20000,남해동부안쪽먼바다,남해동부바깥먼바다,
SK13,남해동부,부산-오사카,129.9506,34.7699,377,423,179,130,155,177,295,244,4,179,183,1,1,부산앞바다,해양부이,대한해협,-,-,-,-,-,-,11H20000,남해동부안쪽먼바다,남해동부바깥먼바다,
SK13,남해동부,부산-오사카,130.6336,34.2021,389,417,193,137,164,170,344,262,4,188,190,1,1,부산앞바다,해양부이,대한해협,-,-,-,-,-,-,11H20000,남해동부안쪽먼바다,남해동부바깥먼바다,
SK13,남해동부,부산-오사카,131.7036,33.7696,397,413,194,140,176,165,372,278,4,200,195,1,1,부산앞바다,해양부이,대한해협,-,-,-,-,-,-,11H20000,남해동부안쪽먼바다,남해동부바깥먼바다,
SK13,남해동부,부산-오사카,132.6416,34.0579,404,406,204,145,188,169,401,300,4,212,191,1,1,부산앞바다,해양부이,대한해협,-,-,-,-,-,-,11H20000,남해동부안쪽먼바다,남해동부바깥먼바다,
SK13,남해동부,부산-오사카,133.8665,34.3986,412,398,209,152,202,173,430,330,4,226,187,1,1,부산앞바다,해양부이,대한해협,-,-,-,-,-,-,11H20000,남해동부안쪽먼바다,남해동부바깥먼바다,
SK13,남해동부,부산-오사카,135.1733,34.5908,418,390,209,156,218,175,453,356,4,242,185,1,1,부산앞바다,해양부이,대한해협,-,-,-,-,-,-,11H20000,남해동부안쪽먼바다,남해동부바깥먼바다,
SK7,동해남부,포항-울릉,129.3961,36.0455,375,460,179,102,149,193,288,115,4,173,167,1,1,경북남부앞바다,해양기상,포항,조위관측,왕돌초,-,-,-,-,11H10000,동해남부북쪽안쪽먼바다,동해중부안쪽먼바다,
SK7,동해남부,포항-울릉,129.7444,36.2883,386,469,186,96,153,195,329,85,4,177,165,1,1,경북남부앞바다,해양기상,포항,조위관측,왕돌초,-,-,-,-,11H10000,동해남부북쪽안쪽먼바다,동해중부안쪽먼바다,
SK7,동해남부,포항-울릉,130.1177,36.6029,397,480,199,84,157,199,374,408,5,181,161,1,1,경북남부앞바다,해양기상,포항,조위관측,왕돌초,-,-,-,-,11H10000,동해남부북쪽안쪽먼바다,동해중부안쪽먼바다,
SK7,동해남부,포항-울릉,130.5414,36.9465,411,492,207,77,162,203,425,366,5,186,157,1,1,경북남부앞바다,해양기상,포항,조위관측,왕돌초,-,-,-,-,11H10000,동해남부북쪽안쪽먼바다,동해중부안쪽먼바다,
SK7,동해남부,포항-울릉,130.9349,37.4062,423,509,213,65,167,209,472,311,5,191,151,1,1,경북남부앞바다,해양기상,포항,조위관측,왕돌초,-,-,-,-,11H10000,동해남부북쪽안쪽먼바다,동해중부안쪽먼바다,
SK23,동해남부,후포-울릉,129.5312,36.6552,379,482,185,84,150,200,304,41,4,174,160,1,1,경북북부앞바다,파고부이,후포,조위관측,왕돌초,-,-,-,-,11H10000,동해남부북쪽안쪽먼바다,동해중부안쪽먼바다,
SK23,동해남부,후포-울릉,129.8504,36.7336,389,485,188,83,154,201,342,392,5,178,159,1,1,경북북부앞바다,파고부이,후포,조위관측,왕돌초,-,-,-,-,11H10000,동해남부북쪽안쪽먼바다,동해중부안쪽먼바다,
SK23,동해남부,후포-울릉,130.2741,36.9223,402,492,198,78,159,203,393,369,5,183,157,1,1,경북북부앞바다,파고부이,후포,조위관측,왕돌초,-,-,-,-,11H10000,동해남부북쪽안쪽먼바다,동해중부안쪽먼바다,
SK23,동해남부,후포-울릉,130.607,37.1885,413,501,211,71,163,206,433,337,5,187,154,1,1,경북북부앞바다,파고부이,후포,조위관측,왕돌초,-,-,-,-,11H10000,동해남부북쪽안쪽먼바다,동해중부안쪽먼바다,
SK23,동해남부,후포-울릉,130.8794,37.4449,421,510,218,64,167,209,466,308,5,191,151,1,1,경북북부앞바다,파고부이,후포,조위관측,왕돌초,-,-,-,-,11H10000,동해남부북쪽안쪽먼바다,동해중부안쪽먼바다,
SK8,동해중부,강릉-울릉,128.9606,37.769,361,522,169,55,144,213,237,268,5,168,147,1,1,강원중부앞바다,해양기상,동해,파고부이,울릉서부,-,-,-,-,11D20000,동해중부안쪽먼바다,,
SK8,동해중부,강릉-울릉,129.4377,37.7547,376,521,183,55,149,213,293,269,5,173,147,1,1,강원중부앞바다,해양기상,동해,파고부이,울릉서부,-,-,-,-,11D20000,동해중부안쪽먼바다,,
SK8,동해중부,강릉-울릉,130.0094,37.728,394,521,195,52,156,213,361,273,5,180,147,1,1,강원중부앞바다,해양기상,동해,파고부이,울릉서부,-,-,-,-,11D20000,동해중부안쪽먼바다,,
SK8,동해중부,강릉-울릉,130.6438,37.6678,414,518,212,57,164,212,437,280,5,188,148,1,1,강원중부앞바다,해양기상,동해,파고부이,울릉서부,-,-,-,-,11D20000,동해중부안쪽먼바다,,
SK8,동해중부,강릉-울릉,130.8794,37.4449,421,510,218,64,167,209,466,308,5,191,151,1,1,강원중부앞바다,해양기상,동해,파고부이,울릉서부,-,-,-,-,11D20000,동해중부안쪽먼바다,,
SK9,동해중부,묵호-울릉,129.1194,37.5388,366,514,174,60,146,210,257,295,5,170,150,1,1,강원중부앞바다,해양기상,동해,파고부이,울릉서부,-,-,-,-,11D20000,동해중부안쪽먼바다,,
SK9,동해중부,묵호-울릉,129.4619,37.5175,377,513,180,60,150,210,295,298,5,174,150,1,1,강원중부앞바다,해양기상,동해,파고부이,울릉서부,-,-,-,-,11D20000,동해중부안쪽먼바다,,
SK9,동해중부,묵호-울릉,129.9563,37.4546,392,511,192,62,155,209,355,305,5,179,151,1,1,강원중부앞바다,해양기상,동해,파고부이,울릉서부,-,-,-,-,11D20000,동해중부안쪽먼바다,,
SK9,동해중부,묵호-울릉,130.4355,37.3917,407,508,205,65,161,209,412,313,5,185,151,1,1,강원중부앞바다,해양기상,동해,파고부이,울릉서부,-,-,-,-,11D20000,동해중부안쪽먼바다,,
SK9,동해중부,묵호-울릉,130.9097,37.4256,422,510,215,63,167,209,469,309,5,191,151,1,1,강원중부앞바다,해양기상,동해,파고부이,울릉서부,-,-,-,-,11D20000,동해중부안쪽먼바다,,
SK25,남해서부,여수-거문,127.8265,34.6544,326,412,144,139,130,176,99,281,4,154,184,1,1,전남동부남해앞바다,파고부이,나로도,해양기상,거문도,-,-,-,-,11F20000,남해서부동쪽먼바다,,
SK25,남해서부,여수-거문,127.6077,34.5637,319,409,139,144,127,175,73,292,4,151,185,1,1,전남동부남해앞바다,파고부이,나로도,해양기상,거문도,-,-,-,-,11F20000,남해서부동쪽먼바다,,
SK25,남해서부,여수-거문,127.4413,34.4675,314,405,136,143,125,174,411,243,2,149,186,1,1,전남동부남해앞바다,파고부이,나로도,해양기상,거문도,-,-,-,-,11F20000,남해서부동쪽먼바다,,
SK25,남해서부,여수-거문,127.361,34.3117,311,400,134,150,124,172,403,263,2,148,188,1,1,전남동부남해앞바다,파고부이,나로도,해양기상,거문도,-,-,-,-,11F20000,남해서부동쪽먼바다,,
SK25,남해서부,여수-거문,127.2628,34.1347,308,394,132,156,123,170,392,284,2,147,190,1,1,전남동부남해앞바다,파고부이,나로도,해양기상,거문도,-,-,-,-,11F20000,남해서부동쪽먼바다,,
SK26,남해서부,여수-연도,127.8265,34.6544,326,412,144,139,130,176,99,281,4,154,184,1,1,전남동부남해앞바다,파고부이,금오도,파고부이,나로도,-,-,-,-,11F20000,,,
SK26,남해서부,여수-연도,127.361,34.3117,311,400,134,150,124,172,403,263,2,148,188,1,1,전남동부남해앞바다,파고부이,금오도,파고부이,나로도,-,-,-,-,11F20000,,,
SK26,남해서부,여수-연도,127.2628,34.1347,308,394,132,156,123,170,392,284,2,147,190,1,1,전남동부남해앞바다,파고부이,금오도,파고부이,나로도,-,-,-,-,11F20000,,,
SK27,동해중부,울릉-독도,130.9651,37.4806,424,512,217,63,168,210,476,302,5,192,150,1,1,동해중부바깥먼바다,파고부이,독도,파고부이,울릉읍,-,-,-,-,11H10000,,,
SK27,동해중부,울릉-독도,131.1744,37.4141,430,509,225,63,170,209,501,310,5,194,151,1,1,동해중부바깥먼바다,파고부이,독도,파고부이,울릉읍,-,-,-,-,11H10000,,,
SK27,동해중부,울릉-독도,131.4451,37.3283,439,506,226,65,173,208,533,321,5,197,152,1,1,동해중부바깥먼바다,파고부이,독도,파고부이,울릉읍,-,-,-,-,11H10000,,,
SK27,동해중부,울릉-독도,131.8051,37.2401,450,503,234,68,178,207,577,331,5,202,153,1,1,동해중부바깥먼바다,파고부이,독도,파고부이,울릉읍,-,-,-,-,11H10000,,,
SK28,제주,모슬포-마라도,126.2596,33.1853,277,361,110,181,111,158,391,278,3,135,202,1,1,제주도서부앞바다,파고부이,가파도,해양기상,마라도,-,-,-,-,11G00000,,,
SK28,제주,모슬포-마라도,126.2621788,33.14212987,276,360,108,181,111,158,391,283,3,135,202,1,1,제주도서부앞바다,파고부이,가파도,해양기상,마라도,-,-,-,-,11G00000,,,
